{
    "product_id": 0,
    "category": "Age",
    "preferences": [
        "Child (6-12)",
        "Teen (13-17)",
        "Young Adult (18-24)",
        "Adult (25-34)",
        "Middle-aged Adult (35-49)",
        "Senior (50+)"
    ],
    "probabilities": [
        0.16557061672210693,
        0.17008636891841888,
        0.1678011566400528,
        0.16629739105701447,
        0.16292837262153625,
        0.16731613874435425
    ]
}