{
    "product_id": 10,
    "category": "Age",
    "preferences": [
        "Child (6-12)",
        "Teen (13-17)",
        "Young Adult (18-24)",
        "Adult (25-34)",
        "Middle-aged Adult (35-49)",
        "Senior (50+)"
    ],
    "probabilities": [
        0.1706760823726654,
        0.1730261594057083,
        0.16511821746826172,
        0.16539859771728516,
        0.16065657138824463,
        0.1651242971420288
    ]
}