{
    "product_id": 10,
    "category": "Hobby",
    "preferences": [
        "Running",
        "Cycling",
        "Swimming",
        "Yoga",
        "Gym Workouts",
        "Team Sports",
        "Hiking",
        "Martial Arts",
        "Dancing",
        "Gaming",
        "Jewellery"
    ],
    "probabilities": [
        0.08984989672899246,
        0.08930449932813644,
        0.08989079296588898,
        0.09176117926836014,
        0.09533137828111649,
        0.09338978677988052,
        0.0895819440484047,
        0.08829659968614578,
        0.09306959807872772,
        0.08872026205062866,
        0.09080406278371811
    ]
}