Preference,Probability
Child (6-12),0.16606504
Teen (13-17),0.17591831
Young Adult (18-24),0.16518173
Adult (25-34),0.16136134
Middle-aged Adult (35-49),0.16201194
Senior (50+),0.1694617
