Preference,Probability
Running,0.08885395
Cycling,0.090530865
Swimming,0.08949778
Yoga,0.0934046
Gym Workouts,0.0932016
Team Sports,0.09446565
Hiking,0.0898543
Martial Arts,0.087399125
Dancing,0.09101364
Gaming,0.08971336
Jewellery,0.09206514
