{
    "product_id": 14,
    "category": "Hobby",
    "preferences": [
        "Running",
        "Cycling",
        "Swimming",
        "Yoga",
        "Gym Workouts",
        "Team Sports",
        "Hiking",
        "Martial Arts",
        "Dancing",
        "Gaming",
        "Jewellery"
    ],
    "probabilities": [
        0.08885394781827927,
        0.0905308648943901,
        0.08949778228998184,
        0.09340459853410721,
        0.09320160001516342,
        0.09446565061807632,
        0.08985430002212524,
        0.08739912509918213,
        0.09101364016532898,
        0.08971335738897324,
        0.09206514060497284
    ]
}