Preference,Probability
Child (6-12),0.16918942
Teen (13-17),0.17029047
Young Adult (18-24),0.16475382
Adult (25-34),0.16321003
Middle-aged Adult (35-49),0.1642146
Senior (50+),0.16834156
