{
    "product_id": 15,
    "category": "Age",
    "preferences": [
        "Child (6-12)",
        "Teen (13-17)",
        "Young Adult (18-24)",
        "Adult (25-34)",
        "Middle-aged Adult (35-49)",
        "Senior (50+)"
    ],
    "probabilities": [
        0.1691894233226776,
        0.17029047012329102,
        0.16475382447242737,
        0.16321003437042236,
        0.1642145961523056,
        0.16834156215190887
    ]
}