{
    "product_id": 15,
    "category": "Hobby",
    "preferences": [
        "Running",
        "Cycling",
        "Swimming",
        "Yoga",
        "Gym Workouts",
        "Team Sports",
        "Hiking",
        "Martial Arts",
        "Dancing",
        "Gaming",
        "Jewellery"
    ],
    "probabilities": [
        0.08940315991640091,
        0.0890050083398819,
        0.09050630033016205,
        0.09149600565433502,
        0.0943479835987091,
        0.0943416953086853,
        0.08964397758245468,
        0.08662929385900497,
        0.09187321364879608,
        0.08844103664159775,
        0.09431219846010208
    ]
}