{
    "product_id": 16,
    "category": "Age",
    "preferences": [
        "Child (6-12)",
        "Teen (13-17)",
        "Young Adult (18-24)",
        "Adult (25-34)",
        "Middle-aged Adult (35-49)",
        "Senior (50+)"
    ],
    "probabilities": [
        0.16698043048381805,
        0.171291783452034,
        0.1660585105419159,
        0.16573920845985413,
        0.16455215215682983,
        0.1653779298067093
    ]
}