{
    "product_id": 16,
    "category": "Hobby",
    "preferences": [
        "Running",
        "Cycling",
        "Swimming",
        "Yoga",
        "Gym Workouts",
        "Team Sports",
        "Hiking",
        "Martial Arts",
        "Dancing",
        "Gaming",
        "Jewellery"
    ],
    "probabilities": [
        0.08905548602342606,
        0.08874232321977615,
        0.09149162471294403,
        0.09210465103387833,
        0.09555437415838242,
        0.09425441175699234,
        0.08943300694227219,
        0.0884387344121933,
        0.09154403954744339,
        0.08789897710084915,
        0.09148232638835907
    ]
}