{
    "product_id": 2,
    "category": "Hobby",
    "preferences": [
        "Running",
        "Cycling",
        "Swimming",
        "Yoga",
        "Gym Workouts",
        "Team Sports",
        "Hiking",
        "Martial Arts",
        "Dancing",
        "Gaming",
        "Jewellery"
    ],
    "probabilities": [
        0.08938002586364746,
        0.08827631175518036,
        0.09265191107988358,
        0.09215626865625381,
        0.09884185343980789,
        0.09340711683034897,
        0.08866555243730545,
        0.08850564807653427,
        0.0909191146492958,
        0.08621422946453094,
        0.09098205715417862
    ]
}