Preference,Probability
Child (6-12),0.16793631
Teen (13-17),0.17092034
Young Adult (18-24),0.16602081
Adult (25-34),0.16356516
Middle-aged Adult (35-49),0.16898459
Senior (50+),0.16257273
