{
    "product_id": 6,
    "category": "Hobby",
    "preferences": [
        "Running",
        "Cycling",
        "Swimming",
        "Yoga",
        "Gym Workouts",
        "Team Sports",
        "Hiking",
        "Martial Arts",
        "Dancing",
        "Gaming",
        "Jewellery"
    ],
    "probabilities": [
        0.09095890820026398,
        0.09281710535287857,
        0.0874224528670311,
        0.09244421124458313,
        0.08978712558746338,
        0.09427262097597122,
        0.0933908224105835,
        0.0835656076669693,
        0.09311278164386749,
        0.09195798635482788,
        0.09027035534381866
    ]
}