{
    "product_id": 7,
    "category": "Hobby",
    "preferences": [
        "Running",
        "Cycling",
        "Swimming",
        "Yoga",
        "Gym Workouts",
        "Team Sports",
        "Hiking",
        "Martial Arts",
        "Dancing",
        "Gaming",
        "Jewellery"
    ],
    "probabilities": [
        0.0884234756231308,
        0.08749736845493317,
        0.09402137249708176,
        0.09202641248703003,
        0.0992773249745369,
        0.0931948721408844,
        0.08756835013628006,
        0.09069310873746872,
        0.09025958180427551,
        0.086114302277565,
        0.09092383831739426
    ]
}