Preference,Probability
Child (6-12),0.16964316
Teen (13-17),0.17499688
Young Adult (18-24),0.16540553
Adult (25-34),0.16481197
Middle-aged Adult (35-49),0.160517
Senior (50+),0.1646254
