{
    "product_id": 9,
    "category": "Age",
    "preferences": [
        "Child (6-12)",
        "Teen (13-17)",
        "Young Adult (18-24)",
        "Adult (25-34)",
        "Middle-aged Adult (35-49)",
        "Senior (50+)"
    ],
    "probabilities": [
        0.16964316368103027,
        0.17499688267707825,
        0.1654055267572403,
        0.16481196880340576,
        0.16051700711250305,
        0.1646254062652588
    ]
}