{
    "product_id": 9,
    "category": "Hobby",
    "preferences": [
        "Running",
        "Cycling",
        "Swimming",
        "Yoga",
        "Gym Workouts",
        "Team Sports",
        "Hiking",
        "Martial Arts",
        "Dancing",
        "Gaming",
        "Jewellery"
    ],
    "probabilities": [
        0.08901772648096085,
        0.0883309617638588,
        0.09234383702278137,
        0.09122646600008011,
        0.09664005786180496,
        0.09478174895048141,
        0.0887819305062294,
        0.08839280903339386,
        0.0921461433172226,
        0.08742693066596985,
        0.09091143310070038
    ]
}