{
    "product_id": 0,
    "category": "Hobby",
    "preferences": [
        "Running",
        "Cycling",
        "Swimming",
        "Yoga",
        "Gym Workouts",
        "Team Sports",
        "Hiking",
        "Martial Arts",
        "Dancing",
        "Gaming",
        "Jewellery"
    ],
    "probabilities": [
        0.08920978009700775,
        0.09025050699710846,
        0.09035297483205795,
        0.09238457679748535,
        0.0965883657336235,
        0.09323395043611526,
        0.09056294709444046,
        0.0863102376461029,
        0.09092573076486588,
        0.08879243582487106,
        0.09138850122690201
    ]
}