Preference,Probability
Child (6-12),0.1657683
Teen (13-17),0.17024712
Young Adult (18-24),0.16879675
Adult (25-34),0.16491814
Middle-aged Adult (35-49),0.16565105
Senior (50+),0.16461866
