Preference,Probability
Child (6-12),0.17067608
Teen (13-17),0.17302616
Young Adult (18-24),0.16511822
Adult (25-34),0.1653986
Middle-aged Adult (35-49),0.16065657
Senior (50+),0.1651243
