{
    "product_id": 10,
    "category": "gender",
    "preferences": [
        "Male",
        "Female",
        "Non-binary",
        "Prefer not to say"
    ],
    "probabilities": [
        0.2543151080608368,
        0.25016677379608154,
        0.2467525601387024,
        0.24876554310321808
    ]
}