{
    "product_id": 10,
    "category": "hobby",
    "preferences": [
        "Running",
        "Cycling",
        "Swimming",
        "Yoga",
        "Gym Workouts",
        "Team Sports",
        "Hiking",
        "Martial Arts",
        "Dancing",
        "Gaming",
        "Jewellery"
    ],
    "probabilities": [
        0.08809639513492584,
        0.08827188611030579,
        0.09131500124931335,
        0.09192898124456406,
        0.0995403528213501,
        0.09383144229650497,
        0.08820449560880661,
        0.08933482319116592,
        0.09006312489509583,
        0.08850397169589996,
        0.09090951085090637
    ]
}