{
    "product_id": 11,
    "category": "hobby",
    "preferences": [
        "Running",
        "Cycling",
        "Swimming",
        "Yoga",
        "Gym Workouts",
        "Team Sports",
        "Hiking",
        "Martial Arts",
        "Dancing",
        "Gaming",
        "Jewellery"
    ],
    "probabilities": [
        0.0893394947052002,
        0.08806774765253067,
        0.09110651165246964,
        0.09249278157949448,
        0.09707687795162201,
        0.09373161941766739,
        0.08887817710638046,
        0.08668502420186996,
        0.09023799002170563,
        0.08759430050849915,
        0.09478945285081863
    ]
}