Preference,Probability
Child (6-12),0.1667015
Teen (13-17),0.17254573
Young Adult (18-24),0.16663171
Adult (25-34),0.1627674
Middle-aged Adult (35-49),0.16348203
Senior (50+),0.16787162
