{
    "product_id": 13,
    "category": "Hobby",
    "preferences": [
        "Running",
        "Cycling",
        "Swimming",
        "Yoga",
        "Gym Workouts",
        "Team Sports",
        "Hiking",
        "Martial Arts",
        "Dancing",
        "Gaming",
        "Jewellery"
    ],
    "probabilities": [
        0.08936066180467606,
        0.08942819386720657,
        0.09016469120979309,
        0.09224797785282135,
        0.09461908042430878,
        0.09536907076835632,
        0.08890113979578018,
        0.08780157566070557,
        0.09072018414735794,
        0.08935212343931198,
        0.09203524887561798
    ]
}