Preference,Probability
Child (6-12),0.16745257
Teen (13-17),0.175157
Young Adult (18-24),0.16393706
Adult (25-34),0.16554855
Middle-aged Adult (35-49),0.16126412
Senior (50+),0.1666407
