{
    "product_id": 14,
    "category": "Age",
    "preferences": [
        "Child (6-12)",
        "Teen (13-17)",
        "Young Adult (18-24)",
        "Adult (25-34)",
        "Middle-aged Adult (35-49)",
        "Senior (50+)"
    ],
    "probabilities": [
        0.16745257377624512,
        0.17515699565410614,
        0.1639370620250702,
        0.16554854810237885,
        0.16126412153244019,
        0.16664069890975952
    ]
}