Preference,Probability
Child (6-12),0.16698043
Teen (13-17),0.17129178
Young Adult (18-24),0.16605851
Adult (25-34),0.16573921
Middle-aged Adult (35-49),0.16455215
Senior (50+),0.16537793
