{
    "product_id": 1,
    "category": "age",
    "preferences": [
        "Child (6-12)",
        "Teen (13-17)",
        "Young Adult (18-24)",
        "Adult (25-34)",
        "Middle-aged Adult (35-49)",
        "Senior (50+)"
    ],
    "probabilities": [
        0.16663359105587006,
        0.17380304634571075,
        0.1654670536518097,
        0.16449709236621857,
        0.16084887087345123,
        0.16875037550926208
    ]
}