{
    "product_id": 1,
    "category": "Age",
    "preferences": [
        "Child (6-12)",
        "Teen (13-17)",
        "Young Adult (18-24)",
        "Adult (25-34)",
        "Middle-aged Adult (35-49)",
        "Senior (50+)"
    ],
    "probabilities": [
        0.16795653104782104,
        0.1727980375289917,
        0.1653170883655548,
        0.16473263502120972,
        0.16320332884788513,
        0.16599245369434357
    ]
}