Preference,Probability
Child (6-12),0.16663359
Teen (13-17),0.17380305
Young Adult (18-24),0.16546705
Adult (25-34),0.16449709
Middle-aged Adult (35-49),0.16084887
Senior (50+),0.16875038
