{
    "product_id": 1,
    "category": "gender",
    "preferences": [
        "Male",
        "Female",
        "Non-binary",
        "Prefer not to say"
    ],
    "probabilities": [
        0.25421640276908875,
        0.250911682844162,
        0.23779840767383575,
        0.2570735216140747
    ]
}