{
    "product_id": 1,
    "category": "Hobby",
    "preferences": [
        "Running",
        "Cycling",
        "Swimming",
        "Yoga",
        "Gym Workouts",
        "Team Sports",
        "Hiking",
        "Martial Arts",
        "Dancing",
        "Gaming",
        "Jewellery"
    ],
    "probabilities": [
        0.08906931430101395,
        0.08974692970514297,
        0.09025325626134872,
        0.09185589104890823,
        0.09470043331384659,
        0.09494855999946594,
        0.08985121548175812,
        0.0876276046037674,
        0.09191402792930603,
        0.08842963725328445,
        0.09160318970680237
    ]
}