{
    "product_id": 1,
    "category": "hobby",
    "preferences": [
        "Running",
        "Cycling",
        "Swimming",
        "Yoga",
        "Gym Workouts",
        "Team Sports",
        "Hiking",
        "Martial Arts",
        "Dancing",
        "Gaming",
        "Jewellery"
    ],
    "probabilities": [
        0.0894286260008812,
        0.08972145617008209,
        0.0911436602473259,
        0.09207399934530258,
        0.09860040992498398,
        0.09452684223651886,
        0.08929194509983063,
        0.08696172386407852,
        0.0906335636973381,
        0.08763767033815384,
        0.0899801254272461
    ]
}