Preference,Probability
Child (6-12),0.16734986
Teen (13-17),0.16930291
Young Adult (18-24),0.16679923
Adult (25-34),0.16331045
Middle-aged Adult (35-49),0.16506669
Senior (50+),0.16817082
