{
    "product_id": 2,
    "category": "gender",
    "preferences": [
        "Male",
        "Female",
        "Non-binary",
        "Prefer not to say"
    ],
    "probabilities": [
        0.2525182068347931,
        0.24904775619506836,
        0.25024619698524475,
        0.2481878399848938
    ]
}