Preference,Probability
Running,0.08826147
Cycling,0.08827408
Swimming,0.092221536
Yoga,0.092194825
Gym Workouts,0.09915174
Team Sports,0.0939463
Hiking,0.0877303
Martial Arts,0.08966993
Dancing,0.089313865
Gaming,0.08678638
Jewellery,0.0924496
