Preference,Probability
Running,0.087739095
Cycling,0.087780885
Swimming,0.09402533
Yoga,0.09216256
Gym Workouts,0.09989445
Team Sports,0.09423143
Hiking,0.08709991
Martial Arts,0.08991848
Dancing,0.08978773
Gaming,0.08629076
Jewellery,0.09106934
