Preference,Probability
Child (6-12),0.16773473
Teen (13-17),0.1710059
Young Adult (18-24),0.16711634
Adult (25-34),0.1639502
Middle-aged Adult (35-49),0.16279137
Senior (50+),0.16740151
