{
    "product_id": 4,
    "category": "Age",
    "preferences": [
        "Child (6-12)",
        "Teen (13-17)",
        "Young Adult (18-24)",
        "Adult (25-34)",
        "Middle-aged Adult (35-49)",
        "Senior (50+)"
    ],
    "probabilities": [
        0.1683034598827362,
        0.1739681363105774,
        0.16560408473014832,
        0.16561056673526764,
        0.16067567467689514,
        0.16583813726902008
    ]
}