{
    "product_id": 4,
    "category": "gender",
    "preferences": [
        "Male",
        "Female",
        "Non-binary",
        "Prefer not to say"
    ],
    "probabilities": [
        0.25573959946632385,
        0.25261881947517395,
        0.238162562251091,
        0.2534789443016052
    ]
}