{
    "product_id": 4,
    "category": "hobby",
    "preferences": [
        "Running",
        "Cycling",
        "Swimming",
        "Yoga",
        "Gym Workouts",
        "Team Sports",
        "Hiking",
        "Martial Arts",
        "Dancing",
        "Gaming",
        "Jewellery"
    ],
    "probabilities": [
        0.08806630223989487,
        0.0886489599943161,
        0.09126173704862595,
        0.09366219490766525,
        0.09997186809778214,
        0.0942503958940506,
        0.08892635256052017,
        0.0889417752623558,
        0.08991212397813797,
        0.08687014132738113,
        0.089488185942173
    ]
}