Preference,Probability
Child (6-12),0.1686904
Teen (13-17),0.17253104
Young Adult (18-24),0.16475952
Adult (25-34),0.16497944
Middle-aged Adult (35-49),0.16181076
Senior (50+),0.16722879
