{
    "product_id": 5,
    "category": "hobby",
    "preferences": [
        "Running",
        "Cycling",
        "Swimming",
        "Yoga",
        "Gym Workouts",
        "Team Sports",
        "Hiking",
        "Martial Arts",
        "Dancing",
        "Gaming",
        "Jewellery"
    ],
    "probabilities": [
        0.0875130221247673,
        0.08800464868545532,
        0.09200939536094666,
        0.09262916445732117,
        0.10297204554080963,
        0.0940001979470253,
        0.08767471462488174,
        0.08968567103147507,
        0.08958850055932999,
        0.08617334067821503,
        0.08974932134151459
    ]
}