{
    "product_id": 6,
    "category": "age",
    "preferences": [
        "Child (6-12)",
        "Teen (13-17)",
        "Young Adult (18-24)",
        "Adult (25-34)",
        "Middle-aged Adult (35-49)",
        "Senior (50+)"
    ],
    "probabilities": [
        0.16623209416866302,
        0.17309632897377014,
        0.16642498970031738,
        0.1652594953775406,
        0.16280557215213776,
        0.1661815196275711
    ]
}