Preference,Probability
Child (6-12),0.1662321
Teen (13-17),0.17309633
Young Adult (18-24),0.16642499
Adult (25-34),0.1652595
Middle-aged Adult (35-49),0.16280557
Senior (50+),0.16618152
