Preference,Probability
Child (6-12),0.16611195
Teen (13-17),0.17522815
Young Adult (18-24),0.16299652
Adult (25-34),0.16433378
Middle-aged Adult (35-49),0.1599067
Senior (50+),0.17142291
