Preference,Probability
Child (6-12),0.1650873
Teen (13-17),0.1736201
Young Adult (18-24),0.16836932
Adult (25-34),0.16469896
Middle-aged Adult (35-49),0.16448498
Senior (50+),0.16373935
