{
    "product_id": 7,
    "category": "Age",
    "preferences": [
        "Child (6-12)",
        "Teen (13-17)",
        "Young Adult (18-24)",
        "Adult (25-34)",
        "Middle-aged Adult (35-49)",
        "Senior (50+)"
    ],
    "probabilities": [
        0.16675570607185364,
        0.16676372289657593,
        0.16808950901031494,
        0.16595056653022766,
        0.16765522956848145,
        0.164785236120224
    ]
}