Preference,Probability
Child (6-12),0.1667557
Teen (13-17),0.16676372
Young Adult (18-24),0.16808951
Adult (25-34),0.16595057
Middle-aged Adult (35-49),0.16765523
Senior (50+),0.16478524
