{
    "product_id": 7,
    "category": "gender",
    "preferences": [
        "Male",
        "Female",
        "Non-binary",
        "Prefer not to say"
    ],
    "probabilities": [
        0.252939373254776,
        0.2499457597732544,
        0.24624702334403992,
        0.2508678436279297
    ]
}