{
    "product_id": 8,
    "category": "Age",
    "preferences": [
        "Child (6-12)",
        "Teen (13-17)",
        "Young Adult (18-24)",
        "Adult (25-34)",
        "Middle-aged Adult (35-49)",
        "Senior (50+)"
    ],
    "probabilities": [
        0.16652216017246246,
        0.1708788424730301,
        0.16629630327224731,
        0.16603487730026245,
        0.1643761694431305,
        0.1658916473388672
    ]
}