{
    "product_id": 8,
    "category": "hobby",
    "preferences": [
        "Running",
        "Cycling",
        "Swimming",
        "Yoga",
        "Gym Workouts",
        "Team Sports",
        "Hiking",
        "Martial Arts",
        "Dancing",
        "Gaming",
        "Jewellery"
    ],
    "probabilities": [
        0.08627360314130783,
        0.08511587232351303,
        0.09377484023571014,
        0.09234257787466049,
        0.10635443776845932,
        0.09322349727153778,
        0.08523204177618027,
        0.09451444447040558,
        0.08830229192972183,
        0.08352883160114288,
        0.09133761376142502
    ]
}