{
    "product_id": 9,
    "category": "gender",
    "preferences": [
        "Male",
        "Female",
        "Non-binary",
        "Prefer not to say"
    ],
    "probabilities": [
        0.25329092144966125,
        0.25055131316185,
        0.2403951734304428,
        0.2557625472545624
    ]
}