{
    "product_id": 9,
    "category": "hobby",
    "preferences": [
        "Running",
        "Cycling",
        "Swimming",
        "Yoga",
        "Gym Workouts",
        "Team Sports",
        "Hiking",
        "Martial Arts",
        "Dancing",
        "Gaming",
        "Jewellery"
    ],
    "probabilities": [
        0.08810512721538544,
        0.08867394924163818,
        0.09062359482049942,
        0.09242654591798782,
        0.09963791817426682,
        0.09420713037252426,
        0.08909789472818375,
        0.08670628070831299,
        0.0920630693435669,
        0.08741442114114761,
        0.09104398638010025
    ]
}