Preference,Probability
Running,0.08901773
Cycling,0.08833096
Swimming,0.09234384
Yoga,0.091226466
Gym Workouts,0.09664006
Team Sports,0.09478175
Hiking,0.08878193
Martial Arts,0.08839281
Dancing,0.09214614
Gaming,0.08742693
Jewellery,0.09091143
