Preference,Probability
Child (6-12),0.16557062
Teen (13-17),0.17008637
Young Adult (18-24),0.16780116
Adult (25-34),0.16629739
Middle-aged Adult (35-49),0.16292837
Senior (50+),0.16731614
