{
    "product_id": 10,
    "category": "age",
    "preferences": [
        "Child (6-12)",
        "Teen (13-17)",
        "Young Adult (18-24)",
        "Adult (25-34)",
        "Middle-aged Adult (35-49)",
        "Senior (50+)"
    ],
    "probabilities": [
        0.16576829552650452,
        0.1702471226453781,
        0.16879674792289734,
        0.16491813957691193,
        0.16565105319023132,
        0.16461865603923798
    ]
}