Preference,Probability
Child (6-12),0.16563411
Teen (13-17),0.17285047
Young Adult (18-24),0.16556944
Adult (25-34),0.16418612
Middle-aged Adult (35-49),0.16373844
Senior (50+),0.16802143
