Preference,Probability
Child (6-12),0.16706303
Teen (13-17),0.17285468
Young Adult (18-24),0.16627562
Adult (25-34),0.16293943
Middle-aged Adult (35-49),0.16611345
Senior (50+),0.16475387
