{
    "product_id": 11,
    "category": "age",
    "preferences": [
        "Child (6-12)",
        "Teen (13-17)",
        "Young Adult (18-24)",
        "Adult (25-34)",
        "Middle-aged Adult (35-49)",
        "Senior (50+)"
    ],
    "probabilities": [
        0.16706302762031555,
        0.17285467684268951,
        0.16627562046051025,
        0.1629394292831421,
        0.1661134511232376,
        0.16475386917591095
    ]
}