{
    "product_id": 11,
    "category": "Age",
    "preferences": [
        "Child (6-12)",
        "Teen (13-17)",
        "Young Adult (18-24)",
        "Adult (25-34)",
        "Middle-aged Adult (35-49)",
        "Senior (50+)"
    ],
    "probabilities": [
        0.16563411056995392,
        0.17285047471523285,
        0.16556943953037262,
        0.16418612003326416,
        0.1637384444475174,
        0.16802142560482025
    ]
}