{
    "product_id": 11,
    "category": "gender",
    "preferences": [
        "Male",
        "Female",
        "Non-binary",
        "Prefer not to say"
    ],
    "probabilities": [
        0.2510993182659149,
        0.24801188707351685,
        0.25009486079216003,
        0.2507938742637634
    ]
}