{
    "product_id": 11,
    "category": "Hobby",
    "preferences": [
        "Running",
        "Cycling",
        "Swimming",
        "Yoga",
        "Gym Workouts",
        "Team Sports",
        "Hiking",
        "Martial Arts",
        "Dancing",
        "Gaming",
        "Jewellery"
    ],
    "probabilities": [
        0.0885310247540474,
        0.08906564861536026,
        0.09072244167327881,
        0.09266775846481323,
        0.09587698429822922,
        0.09379013627767563,
        0.08909394592046738,
        0.08823992311954498,
        0.09087161719799042,
        0.08788101375102997,
        0.09325958043336868
    ]
}