Preference,Probability
Running,0.089339495
Cycling,0.08806775
Swimming,0.09110651
Yoga,0.09249278
Gym Workouts,0.09707688
Team Sports,0.09373162
Hiking,0.08887818
Martial Arts,0.086685024
Dancing,0.09023799
Gaming,0.0875943
Jewellery,0.09478945
