{
    "product_id": 12,
    "category": "Age",
    "preferences": [
        "Child (6-12)",
        "Teen (13-17)",
        "Young Adult (18-24)",
        "Adult (25-34)",
        "Middle-aged Adult (35-49)",
        "Senior (50+)"
    ],
    "probabilities": [
        0.16670149564743042,
        0.17254573106765747,
        0.16663171350955963,
        0.16276739537715912,
        0.16348202526569366,
        0.1678716242313385
    ]
}