{
    "product_id": 12,
    "category": "Gender",
    "preferences": [
        "Male",
        "Female",
        "Non-binary",
        "Prefer not to say"
    ],
    "probabilities": [
        0.25465792417526245,
        0.24951648712158203,
        0.24108567833900452,
        0.2547398805618286
    ]
}