{
    "product_id": 12,
    "category": "Hobby",
    "preferences": [
        "Running",
        "Cycling",
        "Swimming",
        "Yoga",
        "Gym Workouts",
        "Team Sports",
        "Hiking",
        "Martial Arts",
        "Dancing",
        "Gaming",
        "Jewellery"
    ],
    "probabilities": [
        0.08963997662067413,
        0.09022586792707443,
        0.09006162732839584,
        0.0919661894440651,
        0.09426262229681015,
        0.09457848221063614,
        0.08992552012205124,
        0.08796282857656479,
        0.09042884409427643,
        0.0903407484292984,
        0.09060729295015335
    ]
}