{
    "product_id": 13,
    "category": "Age",
    "preferences": [
        "Child (6-12)",
        "Teen (13-17)",
        "Young Adult (18-24)",
        "Adult (25-34)",
        "Middle-aged Adult (35-49)",
        "Senior (50+)"
    ],
    "probabilities": [
        0.1660650372505188,
        0.175918310880661,
        0.1651817262172699,
        0.16136133670806885,
        0.16201193630695343,
        0.1694616973400116
    ]
}