{
    "product_id": 13,
    "category": "Gender",
    "preferences": [
        "Male",
        "Female",
        "Non-binary",
        "Prefer not to say"
    ],
    "probabilities": [
        0.25695425271987915,
        0.2517770528793335,
        0.23705892264842987,
        0.25420981645584106
    ]
}