{
    "product_id": 15,
    "category": "Gender",
    "preferences": [
        "Male",
        "Female",
        "Non-binary",
        "Prefer not to say"
    ],
    "probabilities": [
        0.2510542571544647,
        0.24724827706813812,
        0.2493273913860321,
        0.25237008929252625
    ]
}