Preference,Probability
Child (6-12),0.16795653
Teen (13-17),0.17279804
Young Adult (18-24),0.16531709
Adult (25-34),0.16473264
Middle-aged Adult (35-49),0.16320333
Senior (50+),0.16599245
