Preference,Probability
Running,0.089428626
Cycling,0.089721456
Swimming,0.09114366
Yoga,0.092074
Gym Workouts,0.09860041
Team Sports,0.09452684
Hiking,0.089291945
Martial Arts,0.086961724
Dancing,0.09063356
Gaming,0.08763767
Jewellery,0.089980125
