Preference,Probability
Running,0.089069314
Cycling,0.08974693
Swimming,0.090253256
Yoga,0.09185589
Gym Workouts,0.09470043
Team Sports,0.09494856
Hiking,0.089851215
Martial Arts,0.087627605
Dancing,0.09191403
Gaming,0.08842964
Jewellery,0.09160319
