Preference,Probability
Child (6-12),0.16533943
Teen (13-17),0.1739247
Young Adult (18-24),0.16729371
Adult (25-34),0.16517206
Middle-aged Adult (35-49),0.1631674
Senior (50+),0.16510272
