{
    "product_id": 2,
    "category": "age",
    "preferences": [
        "Child (6-12)",
        "Teen (13-17)",
        "Young Adult (18-24)",
        "Adult (25-34)",
        "Middle-aged Adult (35-49)",
        "Senior (50+)"
    ],
    "probabilities": [
        0.1653394252061844,
        0.17392469942569733,
        0.1672937124967575,
        0.1651720553636551,
        0.16316740214824677,
        0.16510272026062012
    ]
}