{
    "product_id": 2,
    "category": "Age",
    "preferences": [
        "Child (6-12)",
        "Teen (13-17)",
        "Young Adult (18-24)",
        "Adult (25-34)",
        "Middle-aged Adult (35-49)",
        "Senior (50+)"
    ],
    "probabilities": [
        0.16734986007213593,
        0.16930291056632996,
        0.16679923236370087,
        0.1633104532957077,
        0.1650666892528534,
        0.16817082464694977
    ]
}