{
    "product_id": 2,
    "category": "hobby",
    "preferences": [
        "Running",
        "Cycling",
        "Swimming",
        "Yoga",
        "Gym Workouts",
        "Team Sports",
        "Hiking",
        "Martial Arts",
        "Dancing",
        "Gaming",
        "Jewellery"
    ],
    "probabilities": [
        0.08826147019863129,
        0.08827407658100128,
        0.09222153574228287,
        0.0921948254108429,
        0.09915173798799515,
        0.09394630044698715,
        0.0877303034067154,
        0.08966992795467377,
        0.08931386470794678,
        0.08678638190031052,
        0.0924495980143547
    ]
}