{
    "product_id": 3,
    "category": "Age",
    "preferences": [
        "Child (6-12)",
        "Teen (13-17)",
        "Young Adult (18-24)",
        "Adult (25-34)",
        "Middle-aged Adult (35-49)",
        "Senior (50+)"
    ],
    "probabilities": [
        0.167936310172081,
        0.17092034220695496,
        0.16602081060409546,
        0.16356515884399414,
        0.16898459196090698,
        0.1625727266073227
    ]
}