{
    "product_id": 3,
    "category": "age",
    "preferences": [
        "Child (6-12)",
        "Teen (13-17)",
        "Young Adult (18-24)",
        "Adult (25-34)",
        "Middle-aged Adult (35-49)",
        "Senior (50+)"
    ],
    "probabilities": [
        0.16666573286056519,
        0.17095935344696045,
        0.16833919286727905,
        0.16418853402137756,
        0.16432948410511017,
        0.16551773250102997
    ]
}