Preference,Probability
Child (6-12),0.16666573
Teen (13-17),0.17095935
Young Adult (18-24),0.1683392
Adult (25-34),0.16418853
Middle-aged Adult (35-49),0.16432948
Senior (50+),0.16551773
