{
    "product_id": 3,
    "category": "gender",
    "preferences": [
        "Male",
        "Female",
        "Non-binary",
        "Prefer not to say"
    ],
    "probabilities": [
        0.2539351284503937,
        0.2506605386734009,
        0.24578242003917694,
        0.24962188303470612
    ]
}