{
    "product_id": 3,
    "category": "Hobby",
    "preferences": [
        "Running",
        "Cycling",
        "Swimming",
        "Yoga",
        "Gym Workouts",
        "Team Sports",
        "Hiking",
        "Martial Arts",
        "Dancing",
        "Gaming",
        "Jewellery"
    ],
    "probabilities": [
        0.08698517084121704,
        0.0867648720741272,
        0.09395460784435272,
        0.0911186933517456,
        0.10216790437698364,
        0.09553007036447525,
        0.08622950315475464,
        0.09063367545604706,
        0.08982539921998978,
        0.08535435795783997,
        0.09143573045730591
    ]
}