{
    "product_id": 3,
    "category": "hobby",
    "preferences": [
        "Running",
        "Cycling",
        "Swimming",
        "Yoga",
        "Gym Workouts",
        "Team Sports",
        "Hiking",
        "Martial Arts",
        "Dancing",
        "Gaming",
        "Jewellery"
    ],
    "probabilities": [
        0.08773909509181976,
        0.08778088539838791,
        0.09402532875537872,
        0.09216255694627762,
        0.0998944491147995,
        0.09423142671585083,
        0.08709990978240967,
        0.08991847932338715,
        0.08978772908449173,
        0.08629076182842255,
        0.09106934070587158
    ]
}