{
    "product_id": 4,
    "category": "age",
    "preferences": [
        "Child (6-12)",
        "Teen (13-17)",
        "Young Adult (18-24)",
        "Adult (25-34)",
        "Middle-aged Adult (35-49)",
        "Senior (50+)"
    ],
    "probabilities": [
        0.16773472726345062,
        0.17100590467453003,
        0.16711634397506714,
        0.16395020484924316,
        0.16279137134552002,
        0.1674015074968338
    ]
}