Preference,Probability
Child (6-12),0.16830346
Teen (13-17),0.17396814
Young Adult (18-24),0.16560408
Adult (25-34),0.16561057
Middle-aged Adult (35-49),0.16067567
Senior (50+),0.16583814
