Preference,Probability
Running,0.0880663
Cycling,0.08864896
Swimming,0.09126174
Yoga,0.093662195
Gym Workouts,0.09997187
Team Sports,0.094250396
Hiking,0.08892635
Martial Arts,0.088941775
Dancing,0.089912124
Gaming,0.08687014
Jewellery,0.089488186
