{
    "product_id": 4,
    "category": "Hobby",
    "preferences": [
        "Running",
        "Cycling",
        "Swimming",
        "Yoga",
        "Gym Workouts",
        "Team Sports",
        "Hiking",
        "Martial Arts",
        "Dancing",
        "Gaming",
        "Jewellery"
    ],
    "probabilities": [
        0.0916895717382431,
        0.09038184583187103,
        0.08902499079704285,
        0.09276140481233597,
        0.09470093995332718,
        0.09312427788972855,
        0.09103643894195557,
        0.08469260483980179,
        0.09098050743341446,
        0.09046608954668045,
        0.09114139527082443
    ]
}