{
    "product_id": 5,
    "category": "Age",
    "preferences": [
        "Child (6-12)",
        "Teen (13-17)",
        "Young Adult (18-24)",
        "Adult (25-34)",
        "Middle-aged Adult (35-49)",
        "Senior (50+)"
    ],
    "probabilities": [
        0.16869039833545685,
        0.17253103852272034,
        0.16475951671600342,
        0.16497944295406342,
        0.1618107557296753,
        0.1672287881374359
    ]
}