{
    "product_id": 5,
    "category": "age",
    "preferences": [
        "Child (6-12)",
        "Teen (13-17)",
        "Young Adult (18-24)",
        "Adult (25-34)",
        "Middle-aged Adult (35-49)",
        "Senior (50+)"
    ],
    "probabilities": [
        0.16706955432891846,
        0.17118476331233978,
        0.16749447584152222,
        0.1644446849822998,
        0.16324448585510254,
        0.16656208038330078
    ]
}