Preference,Probability
Child (6-12),0.16706955
Teen (13-17),0.17118476
Young Adult (18-24),0.16749448
Adult (25-34),0.16444468
Middle-aged Adult (35-49),0.16324449
Senior (50+),0.16656208
