{
    "product_id": 5,
    "category": "gender",
    "preferences": [
        "Male",
        "Female",
        "Non-binary",
        "Prefer not to say"
    ],
    "probabilities": [
        0.25514301657676697,
        0.2517361640930176,
        0.2425219714641571,
        0.2505987584590912
    ]
}