{
    "product_id": 5,
    "category": "Hobby",
    "preferences": [
        "Running",
        "Cycling",
        "Swimming",
        "Yoga",
        "Gym Workouts",
        "Team Sports",
        "Hiking",
        "Martial Arts",
        "Dancing",
        "Gaming",
        "Jewellery"
    ],
    "probabilities": [
        0.08957973122596741,
        0.09009360522031784,
        0.09053465723991394,
        0.09327959269285202,
        0.09493495523929596,
        0.09389486908912659,
        0.09003353118896484,
        0.08690669387578964,
        0.09180032461881638,
        0.08837604522705078,
        0.09056609869003296
    ]
}