{
    "product_id": 6,
    "category": "Age",
    "preferences": [
        "Child (6-12)",
        "Teen (13-17)",
        "Young Adult (18-24)",
        "Adult (25-34)",
        "Middle-aged Adult (35-49)",
        "Senior (50+)"
    ],
    "probabilities": [
        0.16611194610595703,
        0.17522814869880676,
        0.16299651563167572,
        0.164333775639534,
        0.15990670025348663,
        0.17142291367053986
    ]
}