{
    "product_id": 6,
    "category": "gender",
    "preferences": [
        "Male",
        "Female",
        "Non-binary",
        "Prefer not to say"
    ],
    "probabilities": [
        0.2530704140663147,
        0.2504853308200836,
        0.24349939823150635,
        0.25294482707977295
    ]
}