{
    "product_id": 6,
    "category": "Gender",
    "preferences": [
        "Male",
        "Female",
        "Non-binary",
        "Prefer not to say"
    ],
    "probabilities": [
        0.2520046830177307,
        0.24870428442955017,
        0.22966304421424866,
        0.26962798833847046
    ]
}