{
    "product_id": 6,
    "category": "hobby",
    "preferences": [
        "Running",
        "Cycling",
        "Swimming",
        "Yoga",
        "Gym Workouts",
        "Team Sports",
        "Hiking",
        "Martial Arts",
        "Dancing",
        "Gaming",
        "Jewellery"
    ],
    "probabilities": [
        0.08893782645463943,
        0.0881424993276596,
        0.09268400073051453,
        0.09157106280326843,
        0.09905623644590378,
        0.09483998268842697,
        0.08821041882038116,
        0.08883864432573318,
        0.08987893909215927,
        0.08724445104598999,
        0.09059596061706543
    ]
}