Preference,Probability
Running,0.08893783
Cycling,0.0881425
Swimming,0.092684
Yoga,0.09157106
Gym Workouts,0.09905624
Team Sports,0.09483998
Hiking,0.08821042
Martial Arts,0.088838644
Dancing,0.08987894
Gaming,0.08724445
Jewellery,0.09059596
