{
    "product_id": 7,
    "category": "age",
    "preferences": [
        "Child (6-12)",
        "Teen (13-17)",
        "Young Adult (18-24)",
        "Adult (25-34)",
        "Middle-aged Adult (35-49)",
        "Senior (50+)"
    ],
    "probabilities": [
        0.16508729755878448,
        0.1736201047897339,
        0.168369323015213,
        0.16469895839691162,
        0.16448497772216797,
        0.16373935341835022
    ]
}