Preference,Probability
Running,0.087825984
Cycling,0.087453045
Swimming,0.09231027
Yoga,0.09164699
Gym Workouts,0.10198346
Team Sports,0.09438331
Hiking,0.08831012
Martial Arts,0.09005456
Dancing,0.08924146
Gaming,0.086197704
Jewellery,0.09059309
