{
    "product_id": 7,
    "category": "hobby",
    "preferences": [
        "Running",
        "Cycling",
        "Swimming",
        "Yoga",
        "Gym Workouts",
        "Team Sports",
        "Hiking",
        "Martial Arts",
        "Dancing",
        "Gaming",
        "Jewellery"
    ],
    "probabilities": [
        0.08782598376274109,
        0.08745304495096207,
        0.09231027215719223,
        0.09164699167013168,
        0.1019834578037262,
        0.09438330680131912,
        0.0883101224899292,
        0.09005455672740936,
        0.08924145996570587,
        0.08619770407676697,
        0.09059309214353561
    ]
}