Preference,Probability
Child (6-12),0.16652216
Teen (13-17),0.17087884
Young Adult (18-24),0.1662963
Adult (25-34),0.16603488
Middle-aged Adult (35-49),0.16437617
Senior (50+),0.16589165
