{
    "product_id": 8,
    "category": "age",
    "preferences": [
        "Child (6-12)",
        "Teen (13-17)",
        "Young Adult (18-24)",
        "Adult (25-34)",
        "Middle-aged Adult (35-49)",
        "Senior (50+)"
    ],
    "probabilities": [
        0.16627497971057892,
        0.1681107133626938,
        0.16978982090950012,
        0.16568145155906677,
        0.16629835963249207,
        0.16384464502334595
    ]
}