Preference,Probability
Child (6-12),0.16627498
Teen (13-17),0.16811071
Young Adult (18-24),0.16978982
Adult (25-34),0.16568145
Middle-aged Adult (35-49),0.16629836
Senior (50+),0.16384465
