{
    "product_id": 8,
    "category": "gender",
    "preferences": [
        "Male",
        "Female",
        "Non-binary",
        "Prefer not to say"
    ],
    "probabilities": [
        0.24995781481266022,
        0.24689267575740814,
        0.2605995237827301,
        0.24254994094371796
    ]
}