Preference,Probability
Running,0.0862736
Cycling,0.08511587
Swimming,0.09377484
Yoga,0.09234258
Gym Workouts,0.10635444
Team Sports,0.0932235
Hiking,0.08523204
Martial Arts,0.094514444
Dancing,0.08830229
Gaming,0.08352883
Jewellery,0.091337614
