{
    "product_id": 8,
    "category": "Hobby",
    "preferences": [
        "Running",
        "Cycling",
        "Swimming",
        "Yoga",
        "Gym Workouts",
        "Team Sports",
        "Hiking",
        "Martial Arts",
        "Dancing",
        "Gaming",
        "Jewellery"
    ],
    "probabilities": [
        0.09034367650747299,
        0.08882539719343185,
        0.09217303991317749,
        0.09250219911336899,
        0.09661831706762314,
        0.09308099001646042,
        0.08901450037956238,
        0.08805947005748749,
        0.09045596420764923,
        0.08733291178941727,
        0.09159357845783234
    ]
}