{
    "product_id": 9,
    "category": "age",
    "preferences": [
        "Child (6-12)",
        "Teen (13-17)",
        "Young Adult (18-24)",
        "Adult (25-34)",
        "Middle-aged Adult (35-49)",
        "Senior (50+)"
    ],
    "probabilities": [
        0.1664893627166748,
        0.1750352382659912,
        0.16525372862815857,
        0.16445255279541016,
        0.162307471036911,
        0.16646163165569305
    ]
}