Preference,Probability
Child (6-12),0.16648936
Teen (13-17),0.17503524
Young Adult (18-24),0.16525373
Adult (25-34),0.16445255
Middle-aged Adult (35-49),0.16230747
Senior (50+),0.16646163
